18.03.2026,18:00,Dubrovnik
19.03.2026,18:00,Belgrade
20.03.2026,18:00,Sarajevo
21.03.2026,18:00,Milan
22.03.2026,18:00,Rome
23.03.2026,18:00,Izmir
24.03.2026,18:00,Antalya
25.03.2026,18:00,Istanbul
26.03.2026,18:00,Sofia
27.03.2026,18:00,Bucharest
28.03.2026,18:00,Budapest
29.03.2026,18:00,Berlin
30.03.2026,18:00,Amsterdam
31.03.2026,18:00,Brussels
01.04.2026,18:00,London
02.04.2026,18:00,Glasgow
03.04.2026,18:00,Barcelona
04.04.2026,18:00,Paris
05.04.2026,18:00,Porto
06.04.2026,18:00,Madrid






